filename,width,height,class,xmin,ymin,xmax,ymax
Pic (1).jpg,1200,800,pigeon,393,247,806,550
Pic (10).jpg,480,320,pigeon,137,109,191,216
Pic (10).jpg,480,320,pigeon,265,95,335,189
Pic (10).jpg,480,320,pigeon,227,71,275,161
Pic (10).jpg,480,320,pigeon,253,80,306,189
Pic (100).JPG,480,320,pigeon,139,35,401,293
Pic (101).jpg,480,443,pigeon,60,69,162,156
Pic (101).jpg,480,443,pigeon,293,153,388,224
Pic (101).jpg,480,443,pigeon,285,316,381,363
Pic (102).jpg,480,360,pigeon,25,324,78,360
Pic (102).jpg,480,360,pigeon,157,250,236,311
Pic (102).jpg,480,360,pigeon,145,212,198,260
Pic (102).jpg,480,360,pigeon,136,160,194,222
Pic (102).jpg,480,360,pigeon,206,178,262,222
Pic (102).jpg,480,360,pigeon,229,213,290,251
Pic (102).jpg,480,360,pigeon,319,168,375,221
Pic (102).jpg,480,360,pigeon,441,90,473,124
Pic (102).jpg,480,360,pigeon,429,119,478,156
Pic (102).jpg,480,360,pigeon,409,115,445,167
Pic (102).jpg,480,360,pigeon,369,113,397,154
Pic (102).jpg,480,360,pigeon,396,66,415,100
Pic (102).jpg,480,360,pigeon,384,43,412,63
Pic (102).jpg,480,360,pigeon,357,51,378,74
Pic (102).jpg,480,360,pigeon,314,78,346,116
Pic (102).jpg,480,360,pigeon,243,115,270,150
Pic (102).jpg,480,360,pigeon,172,113,208,153
Pic (102).jpg,480,360,pigeon,49,72,76,107
Pic (102).jpg,480,360,pigeon,149,49,172,83
Pic (102).jpg,480,360,pigeon,94,34,120,56
Pic (102).jpg,480,360,pigeon,61,45,85,79
Pic (102).jpg,480,360,pigeon,1,48,13,77
Pic (102).jpg,480,360,pigeon,234,50,262,83
Pic (102).jpg,480,360,pigeon,250,27,272,48
Pic (102).jpg,480,360,pigeon,283,40,308,66
Pic (102).jpg,480,360,pigeon,179,17,196,39
Pic (102).jpg,480,360,pigeon,165,24,183,53
Pic (102).jpg,480,360,pigeon,143,25,161,49
Pic (102).jpg,480,360,pigeon,114,13,136,33
Pic (102).jpg,480,360,pigeon,80,3,103,24
Pic (103).jpg,480,358,pigeon,56,71,476,304
Pic (104).JPG,480,360,pigeon,95,115,315,357
Pic (105).jpg,480,300,pigeon,86,47,316,251
Pic (106).jpg,480,320,pigeon,1,49,391,318
Pic (107).jpg,480,360,pigeon,408,66,480,191
Pic (107).jpg,480,360,pigeon,282,35,480,324
Pic (107).jpg,480,360,pigeon,133,80,478,359
Pic (107).jpg,480,360,pigeon,34,60,295,359
Pic (107).jpg,480,360,pigeon,2,114,134,356
Pic (108).jpg,480,320,pigeon,65,27,354,316
Pic (109).jpg,480,271,pigeon,12,137,113,258
Pic (109).jpg,480,271,pigeon,384,48,478,189
Pic (109).jpg,480,271,pigeon,306,59,402,233
Pic (109).jpg,480,271,pigeon,143,99,285,223
Pic (109).jpg,480,271,pigeon,64,135,189,249
Pic (11).jpg,480,408,pigeon,61,88,380,368
Pic (110).jpg,480,320,pigeon,39,12,384,316
Pic (111).jpg,480,320,pigeon,122,100,339,280
Pic (112).JPG,480,356,pigeon,165,47,330,186
Pic (112).JPG,480,356,pigeon,205,124,328,234
Pic (113).jpg,480,320,pigeon,4,60,266,304
Pic (113).jpg,480,320,pigeon,212,72,476,294
Pic (114).jpg,480,419,pigeon,37,30,438,387
Pic (115).jpg,480,320,pigeon,15,102,343,232
Pic (115).jpg,480,320,pigeon,291,70,474,160
Pic (115).jpg,480,320,pigeon,96,23,262,111
Pic (116).jpg,320,480,pigeon,31,72,297,411
Pic (117).jpg,480,360,pigeon,32,19,361,357
Pic (118).jpg,480,320,pigeon,25,21,169,273
Pic (118).jpg,480,320,pigeon,336,123,477,249
Pic (119).jpg,480,320,pigeon,14,52,309,301
Pic (12).JPG,480,360,pigeon,31,21,330,289
Pic (120).JPG,480,479,pigeon,182,6,321,140
Pic (120).JPG,480,479,pigeon,24,86,192,304
Pic (120).JPG,480,479,pigeon,174,361,321,473
Pic (121).JPG,480,360,pigeon,132,163,180,225
Pic (121).JPG,480,360,pigeon,244,171,286,222
Pic (121).JPG,480,360,pigeon,307,139,356,193
Pic (121).JPG,480,360,pigeon,349,27,391,86
Pic (121).JPG,480,360,pigeon,392,82,437,125
Pic (121).JPG,480,360,pigeon,385,201,437,267
Pic (121).JPG,480,360,pigeon,443,180,477,235
Pic (121).JPG,480,360,pigeon,379,291,429,348
Pic (121).JPG,480,360,pigeon,214,242,255,312
Pic (121).JPG,480,360,pigeon,62,222,102,271
Pic (121).JPG,480,360,pigeon,47,284,87,340
Pic (121).JPG,480,360,pigeon,9,257,55,326
Pic (122).jpg,480,320,pigeon,424,27,452,61
Pic (122).jpg,480,320,pigeon,400,38,433,72
Pic (122).jpg,480,320,pigeon,366,53,395,76
Pic (122).jpg,480,320,pigeon,337,68,358,86
Pic (122).jpg,480,320,pigeon,314,73,348,99
Pic (122).jpg,480,320,pigeon,291,82,319,105
Pic (122).jpg,480,320,pigeon,254,103,271,123
Pic (122).jpg,480,320,pigeon,231,107,250,134
Pic (122).jpg,480,320,pigeon,203,118,230,142
Pic (122).jpg,480,320,pigeon,172,132,198,156
Pic (122).jpg,480,320,pigeon,118,152,151,179
Pic (122).jpg,480,320,pigeon,93,163,121,191
Pic (122).jpg,480,320,pigeon,68,176,91,201
Pic (122).jpg,480,320,pigeon,38,193,77,224
Pic (122).jpg,480,320,pigeon,2,196,31,235
Pic (123).jpg,480,319,pigeon,188,103,339,273
Pic (124).jpg,320,480,pigeon,88,212,207,297
Pic (124).jpg,320,480,pigeon,57,161,210,251
Pic (124).jpg,320,480,pigeon,30,57,137,176
Pic (124).jpg,320,480,pigeon,132,299,250,386
Pic (125).jpg,320,480,pigeon,6,42,193,188
Pic (125).jpg,320,480,pigeon,5,183,248,353
Pic (125).jpg,320,480,pigeon,72,351,285,477
Pic (126).jpg,320,480,pigeon,195,30,250,71
Pic (126).jpg,320,480,pigeon,172,67,225,105
Pic (126).jpg,320,480,pigeon,169,151,207,188
Pic (126).jpg,320,480,pigeon,143,191,193,219
Pic (126).jpg,320,480,pigeon,147,219,193,254
Pic (126).jpg,320,480,pigeon,124,257,174,281
Pic (126).jpg,320,480,pigeon,126,281,164,313
Pic (126).jpg,320,480,pigeon,112,313,156,340
Pic (126).jpg,320,480,pigeon,103,352,142,376
Pic (126).jpg,320,480,pigeon,242,418,280,451
Pic (126).jpg,320,480,pigeon,273,413,307,436
Pic (127).jpg,480,379,pigeon,125,78,405,317
Pic (128).jpg,480,320,pigeon,144,23,475,313
Pic (129).JPG,480,369,pigeon,184,41,327,345
Pic (13).JPG,480,320,pigeon,33,40,323,256
Pic (130).JPG,480,360,pigeon,174,57,343,315
Pic (131).jpg,480,360,pigeon,101,24,434,267
Pic (132).JPG,480,360,pigeon,54,49,350,355
Pic (133).JPG,480,320,pigeon,44,81,293,315
Pic (134).jpg,480,327,pigeon,58,106,197,251
Pic (134).jpg,480,327,pigeon,182,127,386,272
Pic (135).JPG,480,320,pigeon,70,29,466,309
Pic (136).jpg,480,360,pigeon,218,154,302,271
Pic (137).jpg,480,320,pigeon,152,90,320,303
Pic (138).jpg,480,360,pigeon,59,69,312,328
Pic (139).jpg,480,360,pigeon,89,21,373,348
Pic (14).jpg,480,405,pigeon,86,71,362,370
Pic (14).jpg,480,405,pigeon,232,33,480,218
Pic (140).JPG,480,318,pigeon,100,35,453,295
Pic (141).JPG,480,360,pigeon,60,54,474,353
Pic (142).jpg,480,320,pigeon,56,115,300,290
Pic (143).JPG,480,386,pigeon,139,134,311,299
Pic (144).jpg,480,320,pigeon,33,57,189,211
Pic (144).jpg,480,320,pigeon,191,10,312,154
Pic (144).jpg,480,320,pigeon,285,98,391,189
Pic (144).jpg,480,320,pigeon,189,113,344,227
Pic (145).jpg,480,320,pigeon,11,74,167,211
Pic (145).jpg,480,320,pigeon,172,100,318,244
Pic (145).jpg,480,320,pigeon,352,185,478,305
Pic (145).jpg,480,320,pigeon,268,156,420,289
Pic (146).jpg,480,336,pigeon,16,28,371,289
Pic (147).JPG,480,480,pigeon,57,53,445,360
Pic (148).jpg,480,270,pigeon,21,54,217,211
Pic (148).jpg,480,270,pigeon,207,128,405,260
Pic (148).jpg,480,270,pigeon,230,53,434,201
Pic (149).jpg,480,360,pigeon,8,85,313,353
Pic (15).JPG,480,332,pigeon,207,123,367,299
Pic (150).jpg,480,395,pigeon,219,148,443,346
Pic (151).jpg,480,297,pigeon,26,40,366,257
Pic (152).jpg,480,320,pigeon,183,95,436,249
Pic (153).jpg,480,379,pigeon,59,131,427,283
Pic (154).jpg,480,303,pigeon,179,37,459,240
Pic (155).JPG,480,360,pigeon,167,122,365,256
Pic (155).JPG,480,360,pigeon,122,150,216,306
Pic (155).JPG,480,360,pigeon,2,4,60,136
Pic (155).JPG,480,360,pigeon,6,126,195,237
Pic (156).jpg,480,364,pigeon,52,89,343,354
Pic (156).jpg,480,364,pigeon,125,40,465,355
Pic (157).JPG,480,356,pigeon,202,78,341,185
Pic (157).JPG,480,356,pigeon,152,87,257,205
Pic (158).jpg,480,320,pigeon,45,2,354,308
Pic (159).jpg,480,320,pigeon,121,73,309,216
Pic (16).jpg,480,320,pigeon,152,47,475,315
Pic (160).jpg,480,392,pigeon,111,94,436,330
Pic (161).jpg,480,383,pigeon,91,65,356,324
Pic (162).jpg,480,320,pigeon,23,57,356,257
Pic (163).jpg,480,343,pigeon,187,43,358,318
Pic (164).jpg,480,320,pigeon,159,34,380,253
Pic (164).jpg,480,320,pigeon,4,27,195,216
Pic (164).jpg,480,320,pigeon,437,6,476,161
Pic (164).jpg,480,320,pigeon,95,2,328,133
Pic (165).JPG,480,360,pigeon,180,66,390,228
Pic (165).JPG,480,360,pigeon,144,153,348,302
Pic (166).jpg,480,331,pigeon,128,60,404,311
Pic (167).jpg,480,334,pigeon,58,39,335,329
Pic (168).JPG,480,270,pigeon,157,44,461,260
Pic (169).jpg,480,320,pigeon,68,12,440,304
Pic (17).JPG,480,325,pigeon,44,56,455,317
Pic (170).jpg,480,397,pigeon,211,80,422,366
Pic (171).jpg,480,320,pigeon,114,38,455,301
Pic (172).jpg,480,360,pigeon,49,39,434,342
Pic (173).jpg,480,327,pigeon,83,59,294,262
Pic (174).jpg,480,332,pigeon,202,89,397,271
Pic (175).jpg,480,360,pigeon,59,70,468,313
Pic (176).jpg,480,320,pigeon,85,27,445,309
Pic (177).jpg,480,360,pigeon,67,70,362,354
Pic (178).jpg,480,310,pigeon,139,38,449,293
Pic (179).jpg,480,360,pigeon,59,140,300,307
Pic (18).jpg,480,319,pigeon,127,56,396,270
Pic (180).jpg,480,319,pigeon,4,85,287,282
Pic (181).jpg,320,480,pigeon,71,105,258,361
Pic (182).jpg,480,356,pigeon,85,78,399,290
Pic (183).jpg,480,360,pigeon,118,38,457,329
Pic (184).jpg,480,320,pigeon,95,69,348,232
Pic (185).jpg,480,288,pigeon,62,15,269,218
Pic (185).jpg,480,288,pigeon,229,55,356,261
Pic (185).jpg,480,288,pigeon,150,62,297,284
Pic (186).jpg,480,320,pigeon,170,67,458,288
Pic (187).jpg,480,319,pigeon,114,49,427,302
Pic (188).jpg,480,351,pigeon,9,87,187,333
Pic (188).jpg,480,351,pigeon,229,4,410,232
Pic (188).jpg,480,351,pigeon,284,164,451,334
Pic (189).jpg,480,420,pigeon,66,49,476,405
Pic (19).JPG,480,360,pigeon,8,114,342,314
Pic (190).jpg,480,320,pigeon,26,62,282,247
Pic (191).jpg,480,320,pigeon,136,25,398,303
Pic (192).jpg,384,480,pigeon,66,113,304,447
Pic (193).jpg,480,464,pigeon,41,42,369,429
Pic (194).jpg,480,318,pigeon,2,57,331,313
Pic (195).jpg,480,429,pigeon,34,20,347,357
Pic (196).jpg,480,362,pigeon,148,54,443,358
Pic (197).jpg,480,360,pigeon,141,64,416,336
Pic (198).jpg,480,311,pigeon,73,76,355,241
Pic (199).jpg,480,480,pigeon,81,42,325,457
Pic (2).JPG,480,320,pigeon,78,50,321,302
Pic (20).JPG,480,320,pigeon,167,75,461,302
Pic (200).jpg,480,320,pigeon,101,16,416,255
Pic (201).jpg,480,320,pigeon,123,71,454,295
Pic (202).jpg,480,360,pigeon,152,70,444,360
Pic (202).jpg,480,360,pigeon,22,1,301,354
Pic (203).jpg,480,360,pigeon,255,32,478,351
Pic (203).jpg,480,360,pigeon,50,77,426,312
Pic (204).jpg,480,474,pigeon,27,54,354,459
Pic (205).jpg,480,444,pigeon,15,35,414,434
Pic (206).jpg,480,416,pigeon,7,3,319,410
Pic (206).jpg,480,416,pigeon,180,28,478,412
Pic (207).jpg,480,384,pigeon,168,59,431,362
Pic (208).jpg,480,318,pigeon,265,114,360,163
Pic (208).jpg,480,318,pigeon,218,132,326,222
Pic (208).jpg,480,318,pigeon,86,186,210,272
Pic (209).jpg,480,338,pigeon,109,16,420,312
Pic (21).jpg,480,479,pigeon,5,87,365,469
Pic (210).jpg,480,320,pigeon,96,30,337,287
Pic (211).jpg,480,320,pigeon,77,35,435,206
Pic (212).jpg,480,284,pigeon,64,15,455,248
Pic (213).jpg,480,360,pigeon,66,61,371,330
Pic (214).jpg,480,360,pigeon,44,35,442,328
Pic (215).jpg,480,320,pigeon,182,45,465,255
Pic (216).jpg,480,320,pigeon,31,93,101,181
Pic (216).jpg,480,320,pigeon,365,156,444,228
Pic (217).jpg,427,480,pigeon,68,88,281,419
Pic (218).jpg,480,334,pigeon,46,37,375,297
Pic (219).jpg,480,320,pigeon,110,18,387,314
Pic (22).jpg,480,328,pigeon,270,108,353,243
Pic (220).jpg,480,320,pigeon,146,24,401,298
Pic (221).jpg,480,320,pigeon,230,141,367,246
Pic (222).jpg,480,270,pigeon,94,83,319,246
Pic (223).jpg,480,320,pigeon,28,24,371,306
Pic (224).jpg,480,270,pigeon,205,63,383,211
Pic (225).jpg,480,313,pigeon,111,37,346,308
Pic (226).jpg,480,276,pigeon,33,9,455,261
Pic (227).jpg,480,320,pigeon,115,101,312,258
Pic (228).jpg,480,320,pigeon,60,51,407,294
Pic (229).jpg,480,360,pigeon,91,45,401,334
Pic (23).JPG,480,360,pigeon,120,26,443,333
Pic (23).JPG,480,360,pigeon,267,12,443,244
Pic (230).jpg,480,360,pigeon,138,41,450,360
Pic (230).jpg,480,360,pigeon,4,116,220,354
Pic (231).jpg,480,327,pigeon,151,78,403,274
Pic (232).jpg,480,320,pigeon,122,40,416,295
Pic (233).jpg,480,319,pigeon,80,57,349,206
Pic (234).jpg,480,349,pigeon,7,55,362,340
Pic (235).jpg,480,368,pigeon,26,90,363,297
Pic (236).jpg,480,342,pigeon,235,22,474,246
Pic (236).jpg,480,342,pigeon,25,91,300,336
Pic (237).jpg,480,343,pigeon,58,35,271,297
Pic (237).jpg,480,343,pigeon,83,43,443,313
Pic (238).jpg,480,300,pigeon,189,18,469,254
Pic (238).jpg,480,300,pigeon,15,38,353,238
Pic (239).jpg,480,300,pigeon,170,19,474,292
Pic (24).JPG,480,320,pigeon,143,30,449,282
Pic (240).jpg,480,328,pigeon,44,30,473,320
Pic (241).jpg,360,480,pigeon,78,114,244,366
Pic (242).jpg,480,343,pigeon,163,25,433,293
Pic (243).jpg,480,320,pigeon,135,89,421,296
Pic (244).jpg,480,322,pigeon,124,39,244,263
Pic (244).jpg,480,322,pigeon,234,43,441,305
Pic (245).jpg,480,453,pigeon,45,60,332,439
Pic (246).jpg,480,343,pigeon,29,180,162,320
Pic (246).jpg,480,343,pigeon,161,140,338,277
Pic (247).jpg,480,320,pigeon,112,84,283,262
Pic (248).jpg,480,360,pigeon,151,38,286,302
Pic (249).jpg,480,337,pigeon,187,78,387,262
Pic (249).jpg,480,337,pigeon,56,81,259,267
Pic (25).jpg,405,480,pigeon,122,110,346,417
Pic (250).jpg,480,320,pigeon,132,88,411,290
Pic (251).jpg,480,379,pigeon,82,56,453,323
Pic (252).jpg,480,320,pigeon,98,26,359,308
Pic (253).jpg,480,355,pigeon,120,33,383,333
Pic (254).jpg,480,360,pigeon,43,86,397,319
Pic (255).jpg,480,360,pigeon,154,45,478,360
Pic (256).jpg,480,320,pigeon,157,46,458,290
Pic (257).jpg,480,366,pigeon,13,49,480,365
Pic (258).jpg,480,320,pigeon,167,94,464,246
Pic (259).jpg,480,320,pigeon,61,49,291,310
Pic (26).jpg,480,320,pigeon,13,80,390,266
Pic (260).jpg,480,320,pigeon,79,79,315,272
Pic (261).jpg,480,378,pigeon,72,41,334,345
Pic (262).jpg,480,320,pigeon,154,80,372,271
Pic (262).jpg,480,320,pigeon,98,62,202,216
Pic (263).jpg,480,320,pigeon,104,62,331,224
Pic (264).jpg,352,480,pigeon,85,29,296,448
Pic (265).jpg,480,360,pigeon,55,139,208,332
Pic (265).jpg,480,360,pigeon,221,85,390,296
Pic (266).jpg,480,320,pigeon,181,73,292,251
Pic (267).jpg,480,372,pigeon,139,70,309,287
Pic (268).jpg,480,320,pigeon,155,59,318,282
Pic (269).jpg,480,386,pigeon,27,71,426,305
Pic (27).jpg,480,320,pigeon,55,74,301,284
Pic (270).jpg,480,320,pigeon,7,27,383,308
Pic (271).jpg,480,334,pigeon,123,51,450,324
Pic (272).jpg,480,320,pigeon,60,2,392,306
Pic (273).jpg,480,320,pigeon,82,59,279,318
Pic (274).jpg,480,328,pigeon,44,47,451,297
Pic (275).jpg,480,360,pigeon,144,21,259,131
Pic (275).jpg,480,360,pigeon,143,134,327,226
Pic (276).jpg,480,227,pigeon,26,10,443,164
Pic (277).jpg,480,388,pigeon,132,76,416,355
Pic (278).jpg,480,332,pigeon,154,95,444,294
Pic (279).jpg,480,320,pigeon,116,23,214,158
Pic (279).jpg,480,320,pigeon,281,189,386,290
Pic (28).jpg,480,344,pigeon,40,43,414,252
Pic (280).jpg,480,320,pigeon,61,79,472,299
Pic (281).jpg,480,320,pigeon,167,35,404,315
Pic (282).jpg,480,320,pigeon,209,66,443,285
Pic (283).jpg,480,360,pigeon,60,68,403,319
Pic (284).jpg,480,343,pigeon,133,41,466,327
Pic (285).jpg,480,328,pigeon,113,42,397,319
Pic (286).jpg,480,320,pigeon,181,97,316,238
Pic (287).jpg,480,360,pigeon,216,138,275,229
Pic (288).jpg,480,360,pigeon,139,60,397,337
Pic (289).jpg,480,360,pigeon,168,122,274,282
Pic (29).jpg,480,279,pigeon,36,71,212,197
Pic (29).jpg,480,279,pigeon,165,65,356,228
Pic (29).jpg,480,279,pigeon,308,49,477,233
Pic (290).jpg,480,302,pigeon,19,104,433,272
Pic (290).jpg,480,302,pigeon,38,23,191,159
Pic (291).jpg,480,307,pigeon,46,33,450,294
Pic (291).jpg,480,307,pigeon,12,34,286,300
Pic (292).jpg,480,320,pigeon,21,46,336,267
Pic (293).jpg,480,320,pigeon,20,40,341,274
Pic (294).jpg,356,480,pigeon,33,38,274,425
Pic (295).jpg,480,401,pigeon,77,22,465,332
Pic (296).jpg,480,360,pigeon,115,50,395,354
Pic (297).jpg,480,320,pigeon,156,61,457,317
Pic (298).jpg,480,360,pigeon,176,48,298,301
Pic (298).jpg,480,360,pigeon,36,85,175,345
Pic (299).jpg,480,317,pigeon,215,47,416,280
Pic (3).JPG,480,360,pigeon,75,31,306,306
Pic (30).JPG,447,480,pigeon,159,170,278,402
Pic (300).jpg,480,320,pigeon,116,49,395,266
Pic (301).jpg,480,320,pigeon,82,30,472,311
Pic (302).jpg,480,320,pigeon,89,16,203,213
Pic (302).jpg,480,320,pigeon,75,56,297,308
Pic (302).jpg,480,320,pigeon,192,5,328,133
Pic (302).jpg,480,320,pigeon,320,5,475,148
Pic (302).jpg,480,320,pigeon,308,31,474,233
Pic (303).jpg,480,320,pigeon,4,50,150,170
Pic (303).jpg,480,320,pigeon,80,19,290,182
Pic (303).jpg,480,320,pigeon,167,75,470,282
Pic (304).jpg,480,320,pigeon,182,83,386,287
Pic (305).jpg,480,300,pigeon,28,83,436,250
Pic (306).jpg,480,321,pigeon,118,16,460,295
Pic (307).jpg,480,320,pigeon,86,14,292,293
Pic (308).jpg,480,320,pigeon,10,31,368,308
Pic (309).jpg,480,321,pigeon,7,46,372,313
Pic (31).JPG,480,343,pigeon,82,95,453,287
Pic (310).jpg,480,321,pigeon,150,43,391,287
Pic (311).jpg,480,333,pigeon,43,20,473,306
Pic (312).jpg,480,320,pigeon,99,94,400,271
Pic (312).jpg,480,320,pigeon,171,64,401,216
Pic (312).jpg,480,320,pigeon,4,56,122,276
Pic (313).jpg,480,381,pigeon,106,98,370,338
Pic (313).jpg,480,381,pigeon,47,13,230,254
Pic (314).jpg,480,316,pigeon,117,40,300,288
Pic (315).jpg,480,320,pigeon,139,41,427,186
Pic (316).jpg,480,360,pigeon,186,114,424,330
Pic (317).jpg,480,320,pigeon,22,49,290,284
Pic (318).jpg,480,300,pigeon,198,24,358,265
Pic (319).jpg,480,412,pigeon,90,34,371,356
Pic (32).JPG,480,360,pigeon,102,67,440,318
Pic (320).jpg,480,357,pigeon,86,18,275,328
Pic (321).jpg,480,320,pigeon,188,94,328,305
Pic (322).jpg,480,320,pigeon,148,16,408,304
Pic (323).jpg,480,320,pigeon,24,79,258,287
Pic (324).jpg,480,320,pigeon,188,77,461,250
Pic (324).jpg,480,320,pigeon,71,87,239,276
Pic (325).jpg,480,360,pigeon,77,32,319,357
Pic (326).jpg,480,360,pigeon,13,81,350,351
Pic (327).jpg,480,360,pigeon,59,82,333,288
Pic (328).jpg,480,320,pigeon,143,56,466,291
Pic (329).jpg,480,360,pigeon,92,104,408,296
Pic (33).jpg,480,320,pigeon,148,75,450,305
Pic (330).jpg,360,480,pigeon,110,69,317,377
Pic (331).jpg,480,316,pigeon,72,43,405,269
Pic (332).jpg,480,318,pigeon,5,125,372,267
Pic (333).jpg,480,268,pigeon,75,58,443,201
Pic (334).jpg,443,480,pigeon,100,26,271,438
Pic (335).jpg,480,401,pigeon,46,68,374,327
Pic (336).jpg,480,350,pigeon,123,29,401,333
Pic (337).jpg,480,367,pigeon,3,28,361,361
Pic (338).jpg,480,384,pigeon,124,65,472,380
Pic (339).jpg,480,320,pigeon,65,72,342,285
Pic (34).jpg,480,320,pigeon,149,16,358,225
Pic (340).jpg,480,360,pigeon,43,30,371,333
Pic (341).jpg,480,320,pigeon,100,27,342,317
Pic (342).jpg,480,320,pigeon,54,68,476,313
Pic (343).jpg,480,397,pigeon,153,138,435,321
Pic (344).jpg,480,321,pigeon,60,19,246,312
Pic (344).jpg,480,321,pigeon,223,66,421,313
Pic (345).jpg,480,320,pigeon,75,16,417,268
Pic (346).jpg,480,270,pigeon,229,12,275,69
Pic (346).jpg,480,270,pigeon,268,16,352,119
Pic (346).jpg,480,270,pigeon,107,48,196,127
Pic (346).jpg,480,270,pigeon,39,136,239,232
Pic (346).jpg,480,270,pigeon,243,140,457,241
Pic (346).jpg,480,270,pigeon,262,101,421,175
Pic (346).jpg,480,270,pigeon,181,71,241,139
Pic (346).jpg,480,270,pigeon,227,92,298,168
Pic (347).jpg,480,320,pigeon,148,83,377,226
Pic (348).jpg,480,291,pigeon,46,22,339,282
Pic (349).jpg,480,308,pigeon,177,36,321,265
Pic (35).jpg,480,320,pigeon,36,57,388,276
Pic (350).jpg,480,323,pigeon,12,33,366,277
Pic (351).jpg,480,320,pigeon,31,129,291,266
Pic (351).jpg,480,320,pigeon,218,79,380,259
Pic (352).jpg,480,320,pigeon,11,47,289,312
Pic (353).jpg,480,318,pigeon,11,92,443,305
Pic (354).jpg,480,234,pigeon,387,93,467,144
Pic (354).jpg,480,234,pigeon,347,104,408,147
Pic (354).jpg,480,234,pigeon,299,97,331,128
Pic (354).jpg,480,234,pigeon,235,104,279,148
Pic (354).jpg,480,234,pigeon,192,103,232,142
Pic (354).jpg,480,234,pigeon,116,113,192,158
Pic (354).jpg,480,234,pigeon,90,89,134,133
Pic (354).jpg,480,234,pigeon,17,77,94,141
Pic (354).jpg,480,234,pigeon,148,102,198,136
Pic (355).jpg,480,352,pigeon,87,83,361,280
Pic (356).jpg,462,480,pigeon,5,55,429,472
Pic (357).jpg,480,351,pigeon,320,172,424,296
Pic (357).jpg,480,351,pigeon,160,103,366,231
Pic (357).jpg,480,351,pigeon,45,76,293,206
Pic (358).jpg,480,257,pigeon,39,23,413,233
Pic (359).jpg,480,320,pigeon,66,75,315,265
Pic (36).jpg,480,368,pigeon,47,55,275,324
Pic (360).jpg,480,320,pigeon,165,56,370,312
Pic (360).jpg,480,320,pigeon,36,193,128,289
Pic (361).jpg,480,296,pigeon,117,69,277,206
Pic (362).jpg,480,360,pigeon,87,57,327,331
Pic (363).jpg,480,347,pigeon,58,58,242,346
Pic (363).jpg,480,347,pigeon,211,35,406,302
Pic (364).jpg,480,318,pigeon,89,39,276,265
Pic (365).jpg,480,401,pigeon,281,23,412,160
Pic (366).jpg,480,364,pigeon,191,47,453,358
Pic (367).jpg,480,367,pigeon,132,38,437,350
Pic (368).jpg,480,328,pigeon,184,34,434,316
Pic (369).jpg,480,322,pigeon,28,9,468,316
Pic (37).JPG,480,360,pigeon,50,57,300,257
Pic (370).jpg,480,317,pigeon,36,38,439,296
Pic (371).jpg,480,360,pigeon,100,106,397,253
Pic (372).jpg,480,360,pigeon,121,81,314,305
Pic (373).jpg,480,360,pigeon,90,77,257,236
Pic (373).jpg,480,360,pigeon,195,109,336,241
Pic (374).jpg,480,320,pigeon,30,96,262,297
Pic (374).jpg,480,320,pigeon,196,91,463,278
Pic (375).jpg,480,347,pigeon,77,105,470,325
Pic (376).jpg,480,360,pigeon,321,114,471,267
Pic (376).jpg,480,360,pigeon,173,114,327,272
Pic (376).jpg,480,360,pigeon,31,243,190,360
Pic (376).jpg,480,360,pigeon,110,233,213,349
Pic (377).jpg,480,234,pigeon,106,2,456,216
Pic (378).jpg,480,320,pigeon,74,23,361,297
Pic (379).jpg,480,465,pigeon,36,41,460,443
Pic (38).jpg,480,359,pigeon,39,75,457,290
Pic (380).jpg,480,320,pigeon,144,50,407,216
Pic (381).jpg,480,320,pigeon,62,37,447,301
Pic (382).jpg,480,360,pigeon,146,78,414,327
Pic (383).jpg,480,337,pigeon,63,50,478,284
Pic (384).jpg,480,348,pigeon,80,21,452,323
Pic (385).jpg,480,320,pigeon,96,58,469,286
Pic (386).jpg,480,320,pigeon,118,46,403,286
Pic (387).jpg,480,320,pigeon,176,30,339,235
Pic (388).jpg,480,378,pigeon,101,18,439,364
Pic (389).jpg,480,405,pigeon,6,112,237,330
Pic (389).jpg,480,405,pigeon,200,20,444,197
Pic (389).jpg,480,405,pigeon,210,164,459,405
Pic (39).jpg,480,315,pigeon,75,70,346,241
Pic (390).jpg,480,360,pigeon,74,59,358,287
Pic (391).jpg,480,320,pigeon,60,63,471,239
Pic (392).jpg,480,320,pigeon,28,43,385,299
Pic (393).jpg,480,360,pigeon,84,46,359,315
Pic (394).jpg,480,306,pigeon,27,59,355,262
Pic (395).jpg,480,360,pigeon,78,54,212,264
Pic (395).jpg,480,360,pigeon,241,113,385,324
Pic (396).jpg,480,385,pigeon,11,37,417,376
Pic (397).jpg,480,340,pigeon,41,23,473,301
Pic (398).jpg,480,360,pigeon,104,53,475,330
Pic (399).jpg,480,288,pigeon,133,29,474,272
Pic (4).JPG,480,360,pigeon,121,94,332,348
Pic (4).JPG,480,360,pigeon,189,66,475,344
Pic (40).jpg,480,314,pigeon,130,69,474,294
Pic (400).jpg,480,320,pigeon,124,45,321,211
Pic (401).jpg,480,335,pigeon,130,43,273,297
Pic (402).jpg,480,320,pigeon,200,22,452,286
Pic (403).jpg,480,304,pigeon,37,47,324,275
Pic (404).jpg,480,320,pigeon,38,41,362,298
Pic (405).jpg,480,320,pigeon,134,52,425,313
Pic (406).jpg,480,320,pigeon,75,78,338,287
Pic (407).jpg,480,360,pigeon,42,77,102,186
Pic (407).jpg,480,360,pigeon,139,109,192,225
Pic (407).jpg,480,360,pigeon,200,129,250,250
Pic (407).jpg,480,360,pigeon,265,145,312,258
Pic (407).jpg,480,360,pigeon,366,202,426,294
Pic (407).jpg,480,360,pigeon,462,220,477,317
Pic (408).jpg,480,320,pigeon,146,63,331,239
Pic (409).jpg,480,274,pigeon,48,42,438,246
Pic (41).JPG,480,284,pigeon,110,111,217,217
Pic (410).jpg,480,375,pigeon,79,17,427,354
Pic (411).jpg,480,320,pigeon,112,101,294,244
Pic (411).jpg,480,320,pigeon,274,75,374,241
Pic (412).jpg,480,360,pigeon,51,83,376,271
Pic (413).jpg,480,320,pigeon,112,33,459,309
Pic (414).jpg,480,360,pigeon,24,30,462,342
Pic (415).jpg,442,480,pigeon,40,121,386,402
Pic (416).jpg,480,297,pigeon,133,12,304,175
Pic (416).jpg,480,297,pigeon,388,95,471,220
Pic (416).jpg,480,297,pigeon,328,96,399,216
Pic (416).jpg,480,297,pigeon,6,146,106,270
Pic (416).jpg,480,297,pigeon,75,120,218,279
Pic (416).jpg,480,297,pigeon,160,103,310,243
Pic (417).jpg,480,320,pigeon,78,99,318,237
Pic (418).jpg,480,320,pigeon,269,59,328,128
Pic (418).jpg,480,320,pigeon,99,107,158,158
Pic (418).jpg,480,320,pigeon,230,161,286,246
Pic (419).jpg,480,270,pigeon,102,49,170,103
Pic (419).jpg,480,270,pigeon,311,13,384,120
Pic (419).jpg,480,270,pigeon,273,182,346,265
Pic (42).JPG,480,320,pigeon,108,14,391,227
Pic (42).JPG,480,320,pigeon,180,225,284,307
Pic (420).jpg,480,270,pigeon,66,67,134,129
Pic (420).jpg,480,270,pigeon,284,7,355,103
Pic (420).jpg,480,270,pigeon,237,165,307,264
Pic (421).jpg,480,297,pigeon,130,74,372,248
Pic (422).jpg,480,319,pigeon,62,42,425,303
Pic (423).jpg,480,435,pigeon,141,21,364,402
Pic (424).jpg,480,360,pigeon,102,100,214,245
Pic (424).jpg,480,360,pigeon,289,91,472,178
Pic (425).jpg,480,360,pigeon,98,75,434,322
Pic (426).jpg,480,360,pigeon,37,55,175,323
Pic (426).jpg,480,360,pigeon,319,83,456,332
Pic (427).jpg,480,309,pigeon,84,52,446,278
Pic (428).jpg,480,320,pigeon,116,29,307,300
Pic (429).jpg,480,320,pigeon,89,39,433,315
Pic (43).JPG,480,360,pigeon,106,66,312,324
Pic (430).jpg,480,360,pigeon,77,55,158,235
Pic (430).jpg,480,360,pigeon,225,123,365,282
Pic (431).jpg,480,410,pigeon,123,115,430,311
Pic (432).jpg,480,360,pigeon,260,59,406,343
Pic (433).jpg,480,360,pigeon,155,96,427,313
Pic (433).jpg,480,360,pigeon,39,65,283,339
Pic (434).jpg,480,360,pigeon,85,89,337,298
Pic (435).jpg,480,394,pigeon,72,66,299,320
Pic (435).jpg,480,394,pigeon,229,91,429,292
Pic (436).jpg,480,360,pigeon,45,46,324,286
Pic (437).jpg,480,480,pigeon,147,40,334,456
Pic (438).jpg,480,320,pigeon,54,16,388,300
Pic (439).jpg,480,320,pigeon,52,64,278,286
Pic (44).jpg,480,369,pigeon,143,72,398,346
Pic (440).jpg,480,320,pigeon,52,57,293,285
Pic (441).jpg,480,320,pigeon,232,66,448,288
Pic (442).jpg,480,320,pigeon,117,15,239,200
Pic (442).jpg,480,320,pigeon,112,82,320,282
Pic (443).jpg,320,480,pigeon,49,25,307,421
Pic (444).jpg,480,454,pigeon,170,32,389,428
Pic (445).jpg,480,320,pigeon,77,78,256,232
Pic (445).jpg,480,320,pigeon,246,93,443,226
Pic (446).jpg,480,320,pigeon,104,68,341,284
Pic (447).jpg,480,412,pigeon,24,1,398,408
Pic (448).jpg,480,320,pigeon,57,99,367,241
Pic (449).jpg,480,360,pigeon,150,37,440,355
Pic (45).JPG,480,320,pigeon,68,76,225,228
Pic (45).JPG,480,320,pigeon,308,172,443,310
Pic (450).jpg,480,480,pigeon,49,89,428,390
Pic (451).jpg,480,320,pigeon,90,28,480,315
Pic (452).jpg,480,383,pigeon,164,27,455,363
Pic (453).jpg,480,244,pigeon,10,74,207,167
Pic (453).jpg,480,244,pigeon,194,55,386,184
Pic (453).jpg,480,244,pigeon,253,110,349,204
Pic (453).jpg,480,244,pigeon,371,101,464,196
Pic (454).jpg,480,320,pigeon,185,66,410,268
Pic (455).jpg,480,374,pigeon,160,55,299,127
Pic (455).jpg,480,374,pigeon,192,168,319,241
Pic (455).jpg,480,374,pigeon,177,267,296,344
Pic (456).jpg,480,320,pigeon,144,8,382,262
Pic (456).jpg,480,320,pigeon,223,90,432,316
Pic (457).jpg,480,320,pigeon,7,64,289,309
Pic (458).jpg,480,321,pigeon,180,46,473,315
Pic (459).jpg,480,360,pigeon,87,48,408,267
Pic (46).jpg,480,270,pigeon,154,39,343,238
Pic (460).jpg,480,320,pigeon,89,9,427,310
Pic (461).jpg,480,320,pigeon,90,38,395,312
Pic (462).jpg,480,360,pigeon,169,75,312,327
Pic (463).jpg,480,360,pigeon,125,61,379,307
Pic (464).jpg,359,480,pigeon,30,26,356,475
Pic (465).jpg,480,320,pigeon,112,144,341,307
Pic (465).jpg,480,320,pigeon,281,69,478,184
Pic (466).jpg,480,320,pigeon,51,11,375,304
Pic (467).jpg,480,361,pigeon,6,50,465,325
Pic (468).jpg,480,320,pigeon,22,17,260,314
Pic (468).jpg,480,320,pigeon,106,75,468,307
Pic (469).jpg,480,351,pigeon,70,44,441,334
Pic (47).JPG,480,360,pigeon,206,70,461,344
Pic (47).JPG,480,360,pigeon,1,51,275,355
Pic (470).jpg,480,371,pigeon,73,33,261,361
Pic (471).jpg,480,320,pigeon,201,21,467,311
Pic (472).jpg,480,320,pigeon,173,43,476,317
Pic (473).jpg,480,320,pigeon,125,23,477,320
Pic (474).jpg,480,399,pigeon,84,31,319,256
Pic (475).jpg,480,320,pigeon,135,11,329,295
Pic (476).jpg,480,320,pigeon,143,16,317,303
Pic (477).jpg,480,360,pigeon,203,61,353,350
Pic (478).jpg,480,362,pigeon,57,34,370,329
Pic (479).jpg,480,359,pigeon,67,52,447,308
Pic (48).jpg,480,320,pigeon,84,63,220,244
Pic (480).jpg,480,458,pigeon,118,46,381,398
Pic (481).jpg,480,360,pigeon,185,43,316,311
Pic (482).jpg,480,320,pigeon,109,58,383,253
Pic (483).jpg,480,320,pigeon,137,22,324,303
Pic (484).jpg,480,360,pigeon,64,64,473,331
Pic (485).jpg,480,360,pigeon,17,82,300,327
Pic (486).jpg,480,341,pigeon,92,90,386,237
Pic (487).jpg,320,480,pigeon,32,136,277,445
Pic (488).jpg,480,360,pigeon,71,16,320,282
Pic (489).jpg,480,320,pigeon,172,73,428,283
Pic (49).jpg,475,480,pigeon,138,113,424,448
Pic (490).jpg,480,343,pigeon,14,102,357,264
Pic (491).jpg,480,320,pigeon,68,91,379,207
Pic (492).jpg,480,388,pigeon,5,69,370,382
Pic (493).jpg,480,384,pigeon,37,37,403,376
Pic (494).jpg,480,365,pigeon,122,62,383,335
Pic (495).jpg,480,320,pigeon,36,97,357,295
Pic (496).jpg,480,277,pigeon,221,61,371,141
Pic (496).jpg,480,277,pigeon,389,65,457,175
Pic (496).jpg,480,277,pigeon,310,115,428,201
Pic (496).jpg,480,277,pigeon,200,135,355,257
Pic (496).jpg,480,277,pigeon,114,160,282,234
Pic (496).jpg,480,277,pigeon,13,129,136,216
Pic (496).jpg,480,277,pigeon,87,24,205,129
Pic (496).jpg,480,277,pigeon,138,19,257,103
Pic (496).jpg,480,277,pigeon,8,95,119,154
Pic (497).jpg,480,340,pigeon,56,36,416,278
Pic (498).jpg,480,258,pigeon,332,17,477,255
Pic (498).jpg,480,258,pigeon,2,88,190,256
Pic (499).jpg,480,320,pigeon,29,59,307,306
Pic (5).jpg,480,360,pigeon,20,53,386,353
Pic (50).JPG,480,354,pigeon,81,129,259,344
Pic (500).jpg,480,369,pigeon,274,22,443,301
Pic (500).jpg,480,369,pigeon,59,65,247,352
Pic (501).jpg,480,199,pigeon,48,50,191,173
Pic (501).jpg,480,199,pigeon,310,24,439,161
Pic (502).jpg,480,361,pigeon,38,27,373,338
Pic (503).jpg,480,342,pigeon,25,77,415,328
Pic (504).jpg,480,361,pigeon,83,40,448,344
Pic (505).jpg,480,360,pigeon,50,46,385,266
Pic (506).jpg,480,320,pigeon,78,61,251,313
Pic (506).jpg,480,320,pigeon,143,90,345,277
Pic (507).jpg,480,268,pigeon,74,62,214,207
Pic (508).jpg,480,360,pigeon,234,67,422,316
Pic (509).jpg,480,360,pigeon,133,66,409,297
Pic (51).jpg,480,370,pigeon,151,78,363,279
Pic (510).jpg,480,320,pigeon,48,80,337,287
Pic (511).jpg,480,334,pigeon,52,102,300,284
Pic (511).jpg,480,334,pigeon,353,176,432,251
Pic (512).jpg,480,320,pigeon,138,44,335,307
Pic (513).jpg,480,320,pigeon,44,67,383,296
Pic (514).jpg,480,360,pigeon,47,39,334,348
Pic (515).jpg,480,360,pigeon,163,122,416,326
Pic (516).jpg,411,480,pigeon,138,128,353,399
Pic (517).jpg,480,330,pigeon,24,104,452,273
Pic (518).jpg,480,320,pigeon,200,47,428,292
Pic (519).jpg,480,375,pigeon,30,80,467,334
Pic (52).jpg,480,288,pigeon,57,35,475,267
Pic (520).jpg,440,480,pigeon,120,82,318,418
Pic (521).jpg,480,350,pigeon,81,83,475,343
Pic (522).jpg,480,320,pigeon,174,14,328,171
Pic (522).jpg,480,320,pigeon,9,108,394,307
Pic (523).jpg,480,381,pigeon,43,30,480,358
Pic (524).jpg,480,360,pigeon,80,12,469,348
Pic (525).jpg,480,360,pigeon,60,132,198,284
Pic (526).jpg,480,320,pigeon,121,34,312,167
Pic (527).jpg,480,320,pigeon,57,55,328,280
Pic (528).jpg,480,360,pigeon,131,5,392,282
Pic (529).jpg,480,480,pigeon,104,121,341,417
Pic (53).jpg,480,360,pigeon,50,37,470,269
Pic (530).jpg,480,371,pigeon,32,62,356,310
Pic (531).jpg,480,302,pigeon,98,66,373,238
Pic (532).jpg,480,360,pigeon,6,61,453,353
Pic (533).jpg,480,311,pigeon,152,17,334,294
Pic (534).jpg,480,270,pigeon,143,45,292,223
Pic (535).jpg,360,480,pigeon,59,48,349,358
Pic (535).jpg,360,480,pigeon,24,316,297,456
Pic (536).jpg,480,320,pigeon,179,63,369,285
Pic (537).jpg,480,321,pigeon,182,45,406,278
Pic (538).jpg,480,320,pigeon,15,29,426,266
Pic (539).jpg,480,330,pigeon,313,91,463,322
Pic (539).jpg,480,330,pigeon,71,5,300,214
Pic (539).jpg,480,330,pigeon,84,144,235,320
Pic (54).JPG,480,384,pigeon,143,53,473,376
Pic (540).jpg,480,360,pigeon,48,113,292,353
Pic (541).jpg,480,304,pigeon,26,69,257,251
Pic (541).jpg,480,304,pigeon,225,72,449,240
Pic (542).jpg,480,288,pigeon,25,82,242,247
Pic (542).jpg,480,288,pigeon,220,15,422,243
Pic (543).jpg,480,397,pigeon,31,93,364,386
Pic (544).jpg,480,426,pigeon,108,102,347,303
Pic (545).jpg,480,401,pigeon,112,20,454,311
Pic (546).jpg,480,320,pigeon,176,82,430,281
Pic (547).jpg,480,320,pigeon,74,109,443,299
Pic (548).jpg,480,320,pigeon,53,53,459,280
Pic (549).jpg,480,320,pigeon,162,141,296,205
Pic (549).jpg,480,320,pigeon,143,41,222,96
Pic (549).jpg,480,320,pigeon,198,4,254,63
Pic (55).jpg,480,343,pigeon,142,42,363,175
Pic (55).jpg,480,343,pigeon,74,54,257,187
Pic (550).jpg,433,480,pigeon,58,89,420,448
Pic (550).jpg,433,480,pigeon,117,83,343,472
Pic (551).jpg,480,360,pigeon,77,44,427,338
Pic (552).jpg,480,373,pigeon,83,115,467,303
Pic (553).jpg,480,319,pigeon,105,30,355,259
Pic (554).jpg,480,282,pigeon,217,126,343,255
Pic (554).jpg,480,282,pigeon,166,131,258,248
Pic (555).jpg,480,360,pigeon,97,59,464,359
Pic (556).jpg,474,480,pigeon,36,56,454,451
Pic (557).jpg,480,320,pigeon,113,63,353,318
Pic (558).jpg,480,345,pigeon,191,113,410,295
Pic (559).jpg,480,360,pigeon,95,41,432,332
Pic (56).jpg,403,480,pigeon,63,75,359,474
Pic (560).jpg,480,320,pigeon,262,75,399,275
Pic (561).jpg,480,392,pigeon,47,21,344,375
Pic (562).jpg,477,480,pigeon,28,18,471,440
Pic (563).jpg,480,320,pigeon,110,43,302,282
Pic (564).jpg,480,320,pigeon,278,22,480,317
Pic (564).jpg,480,320,pigeon,98,46,420,320
Pic (565).jpg,480,384,pigeon,83,56,282,329
Pic (566).jpg,480,384,pigeon,210,40,424,329
Pic (567).jpg,480,384,pigeon,263,138,430,330
Pic (567).jpg,480,384,pigeon,5,98,129,261
Pic (568).jpg,480,363,pigeon,22,102,396,255
Pic (569).jpg,480,320,pigeon,25,34,317,318
Pic (57).JPG,480,318,pigeon,213,87,280,196
Pic (570).jpg,480,480,pigeon,14,56,463,405
Pic (571).jpg,480,341,pigeon,139,49,281,284
Pic (572).jpg,480,383,pigeon,56,16,409,370
Pic (573).jpg,480,312,pigeon,24,41,446,285
Pic (574).jpg,480,320,pigeon,78,30,398,187
Pic (575).jpg,480,320,pigeon,73,88,194,241
Pic (575).jpg,480,320,pigeon,198,70,335,290
Pic (576).jpg,480,343,pigeon,47,47,456,318
Pic (577).jpg,480,219,pigeon,63,67,309,113
Pic (578).jpg,480,272,pigeon,224,44,480,269
Pic (579).jpg,480,287,pigeon,34,73,299,247
Pic (58).JPG,480,320,pigeon,74,19,332,310
Pic (580).jpg,320,480,pigeon,110,134,265,402
Pic (581).jpg,480,311,pigeon,154,18,432,311
Pic (582).jpg,480,360,pigeon,14,19,466,346
Pic (583).jpg,480,360,pigeon,79,56,324,351
Pic (584).jpg,480,480,pigeon,59,160,427,401
Pic (585).jpg,480,320,pigeon,87,84,361,226
Pic (586).jpg,480,320,pigeon,124,23,346,306
Pic (587).jpg,480,360,pigeon,92,18,375,335
Pic (588).jpg,480,360,pigeon,97,43,335,336
Pic (589).jpg,480,360,pigeon,64,43,383,307
Pic (59).JPG,320,480,pigeon,31,93,248,459
Pic (590).jpg,480,343,pigeon,120,66,459,310
Pic (591).jpg,480,360,pigeon,114,92,410,282
Pic (592).jpg,480,320,pigeon,61,59,359,292
Pic (593).jpg,480,360,pigeon,8,109,404,306
Pic (594).jpg,480,360,pigeon,107,63,381,284
Pic (595).jpg,480,360,pigeon,121,82,408,358
Pic (596).jpg,480,360,pigeon,73,131,436,326
Pic (597).jpg,480,360,pigeon,211,16,471,246
Pic (597).jpg,480,360,pigeon,69,142,402,309
Pic (598).jpg,480,320,pigeon,214,82,418,255
Pic (599).jpg,480,310,pigeon,99,27,309,301
Pic (6).jpg,480,360,pigeon,62,62,461,268
Pic (60).JPG,480,360,pigeon,149,92,408,271
Pic (600).jpg,480,360,pigeon,145,67,395,276
Pic (601).jpg,480,320,pigeon,157,63,450,229
Pic (602).jpg,480,328,pigeon,190,44,464,315
Pic (603).jpg,480,296,pigeon,176,48,386,223
Pic (604).jpg,480,323,pigeon,108,49,392,248
Pic (605).jpg,480,340,pigeon,59,36,160,297
Pic (605).jpg,480,340,pigeon,301,86,455,320
Pic (606).jpg,480,320,pigeon,166,21,455,299
Pic (607).jpg,480,320,pigeon,32,80,354,262
Pic (608).jpg,480,360,pigeon,256,139,281,177
Pic (608).jpg,480,360,pigeon,294,148,330,184
Pic (608).jpg,480,360,pigeon,282,185,317,222
Pic (608).jpg,480,360,pigeon,101,177,134,215
Pic (608).jpg,480,360,pigeon,131,114,174,149
Pic (608).jpg,480,360,pigeon,400,144,430,178
Pic (608).jpg,480,360,pigeon,388,190,433,220
Pic (608).jpg,480,360,pigeon,328,189,372,222
Pic (608).jpg,480,360,pigeon,12,160,41,185
Pic (608).jpg,480,360,pigeon,15,132,47,159
Pic (608).jpg,480,360,pigeon,69,153,97,183
Pic (608).jpg,480,360,pigeon,186,191,232,226
Pic (609).jpg,480,270,pigeon,44,21,378,233
Pic (61).JPG,480,384,pigeon,94,61,349,303
Pic (610).jpg,480,320,pigeon,98,60,359,250
Pic (611).jpg,480,360,pigeon,114,55,449,342
Pic (612).jpg,480,320,pigeon,148,57,420,260
Pic (613).jpg,480,384,pigeon,95,80,399,323
Pic (614).jpg,480,360,pigeon,61,109,375,324
Pic (615).jpg,480,372,pigeon,69,17,439,368
Pic (616).jpg,480,366,pigeon,73,40,352,296
Pic (617).jpg,480,320,pigeon,57,13,344,298
Pic (618).jpg,480,346,pigeon,94,56,381,317
Pic (619).jpg,480,321,pigeon,154,32,434,294
Pic (62).jpg,480,319,pigeon,176,56,388,284
Pic (620).jpg,480,360,pigeon,184,49,423,203
Pic (620).jpg,480,360,pigeon,95,61,297,313
Pic (621).jpg,480,316,pigeon,31,34,381,275
Pic (622).jpg,480,320,pigeon,103,59,456,276
Pic (623).jpg,480,270,pigeon,53,43,320,246
Pic (624).jpg,480,320,pigeon,129,135,310,293
Pic (625).jpg,480,370,pigeon,30,16,469,359
Pic (626).jpg,480,320,pigeon,154,28,303,311
Pic (627).jpg,480,361,pigeon,169,55,435,333
Pic (628).jpg,480,358,pigeon,68,39,282,352
Pic (629).jpg,480,287,pigeon,153,18,411,263
Pic (63).jpg,480,384,pigeon,99,84,414,305
Pic (630).jpg,480,359,pigeon,94,54,438,301
Pic (631).jpg,480,320,pigeon,133,21,423,299
Pic (632).jpg,480,365,pigeon,57,78,451,326
Pic (633).jpg,480,340,pigeon,78,66,443,288
Pic (634).jpg,480,360,pigeon,218,162,395,338
Pic (634).jpg,480,360,pigeon,25,109,243,286
Pic (635).jpg,480,355,pigeon,29,51,377,317
Pic (636).jpg,480,320,pigeon,24,53,367,289
Pic (637).jpg,480,333,pigeon,250,104,433,224
Pic (637).jpg,480,333,pigeon,165,65,356,274
Pic (638).jpg,480,335,pigeon,52,38,293,312
Pic (639).jpg,480,315,pigeon,158,127,315,306
Pic (639).jpg,480,315,pigeon,57,38,254,258
Pic (64).JPG,480,360,pigeon,187,100,359,333
Pic (640).jpg,480,320,pigeon,211,52,445,290
Pic (641).jpg,480,343,pigeon,73,66,465,286
Pic (642).jpg,480,320,pigeon,144,55,399,298
Pic (643).jpg,480,361,pigeon,78,5,417,186
Pic (643).jpg,480,361,pigeon,97,159,411,356
Pic (644).jpg,480,320,pigeon,44,26,297,300
Pic (645).jpg,480,320,pigeon,69,61,349,268
Pic (646).jpg,480,320,pigeon,49,35,335,288
Pic (647).jpg,480,320,pigeon,20,99,357,305
Pic (648).jpg,480,320,pigeon,138,43,421,310
Pic (649).jpg,480,270,pigeon,54,25,291,255
Pic (65).JPG,480,318,pigeon,106,10,402,315
Pic (650).jpg,480,280,pigeon,32,109,234,256
Pic (650).jpg,480,280,pigeon,173,8,405,163
Pic (651).jpg,480,323,pigeon,52,62,379,282
Pic (652).jpg,480,320,pigeon,53,66,291,285
Pic (653).jpg,480,314,pigeon,115,33,372,281
Pic (654).jpg,480,319,pigeon,32,7,333,286
Pic (655).jpg,480,320,pigeon,54,5,354,275
Pic (656).jpg,480,320,pigeon,61,56,312,288
Pic (657).jpg,480,320,pigeon,129,52,340,244
Pic (657).jpg,480,320,pigeon,4,55,85,269
Pic (657).jpg,480,320,pigeon,109,1,238,174
Pic (657).jpg,480,320,pigeon,2,1,96,101
Pic (658).jpg,480,480,pigeon,141,62,354,447
Pic (659).jpg,480,320,pigeon,16,68,365,261
Pic (66).jpg,480,297,pigeon,249,103,437,229
Pic (66).jpg,480,297,pigeon,27,90,193,261
Pic (660).jpg,480,320,pigeon,51,37,312,309
Pic (661).jpg,480,320,pigeon,159,43,447,297
Pic (662).jpg,480,360,pigeon,150,59,314,273
Pic (663).jpg,480,320,pigeon,294,68,474,249
Pic (663).jpg,480,320,pigeon,199,88,429,305
Pic (664).jpg,480,320,pigeon,259,105,480,316
Pic (665).jpg,480,320,pigeon,231,33,407,310
Pic (666).jpg,480,320,pigeon,229,100,473,315
Pic (667).jpg,480,321,pigeon,175,36,461,303
Pic (668).jpg,480,347,pigeon,20,153,93,230
Pic (668).jpg,480,347,pigeon,163,111,272,205
Pic (668).jpg,480,347,pigeon,182,140,465,297
Pic (669).jpg,480,480,pigeon,36,95,467,432
Pic (67).jpg,480,320,pigeon,169,36,312,130
Pic (67).jpg,480,320,pigeon,433,40,477,97
Pic (67).jpg,480,320,pigeon,387,15,420,62
Pic (67).jpg,480,320,pigeon,251,2,301,37
Pic (67).jpg,480,320,pigeon,120,202,205,299
Pic (670).jpg,480,480,pigeon,94,89,452,436
Pic (671).jpg,480,360,pigeon,127,138,343,238
Pic (672).jpg,480,412,pigeon,113,60,480,409
Pic (673).jpg,480,360,pigeon,148,71,368,292
Pic (674).jpg,480,377,pigeon,146,62,429,316
Pic (675).jpg,480,320,pigeon,189,107,291,282
Pic (676).jpg,480,320,pigeon,175,89,285,274
Pic (677).jpg,480,347,pigeon,116,60,453,294
Pic (678).jpg,480,318,pigeon,115,85,267,266
Pic (678).jpg,480,318,pigeon,228,86,419,240
Pic (679).jpg,480,320,pigeon,159,49,456,311
Pic (68).jpg,480,320,pigeon,15,15,398,307
Pic (680).jpg,480,320,pigeon,59,57,303,267
Pic (681).jpg,480,320,pigeon,109,74,471,280
Pic (682).jpg,480,320,pigeon,86,25,431,290
Pic (683).jpg,480,480,pigeon,9,91,398,467
Pic (684).jpg,480,368,pigeon,81,33,340,226
Pic (684).jpg,480,368,pigeon,184,135,451,334
Pic (685).jpg,480,319,pigeon,211,15,437,308
Pic (686).jpg,480,371,pigeon,65,47,380,325
Pic (687).jpg,480,360,pigeon,28,25,453,276
Pic (688).jpg,480,458,pigeon,88,112,338,432
Pic (689).jpg,480,386,pigeon,65,95,450,319
Pic (69).jpg,480,360,pigeon,33,94,409,260
Pic (690).jpg,480,320,pigeon,18,16,376,298
Pic (691).jpg,480,320,pigeon,84,76,378,307
Pic (692).jpg,480,320,pigeon,66,90,336,318
Pic (693).jpg,480,270,pigeon,93,15,350,208
Pic (693).jpg,480,270,pigeon,90,37,345,228
Pic (694).jpg,480,270,pigeon,84,79,281,232
Pic (694).jpg,480,270,pigeon,270,65,429,254
Pic (695).jpg,480,360,pigeon,16,103,418,346
Pic (696).jpg,480,360,pigeon,19,40,315,339
Pic (697).jpg,480,320,pigeon,139,90,345,199
Pic (698).jpg,480,360,pigeon,50,51,360,312
Pic (699).jpg,480,360,pigeon,103,67,304,313
Pic (7).JPG,480,360,pigeon,154,62,345,233
Pic (70).JPG,480,281,pigeon,25,57,282,272
Pic (700).jpg,480,320,pigeon,87,96,262,203
Pic (701).jpg,301,480,pigeon,16,35,274,473
Pic (702).jpg,300,480,pigeon,11,13,257,475
Pic (703).jpg,264,480,pigeon,27,26,252,470
Pic (704).jpg,391,480,pigeon,40,17,328,471
Pic (705).jpg,480,331,pigeon,55,62,465,315
Pic (706).jpg,480,360,pigeon,51,42,362,325
Pic (707).jpg,480,368,pigeon,224,60,444,317
Pic (708).jpg,480,320,pigeon,62,59,262,261
Pic (708).jpg,480,320,pigeon,58,73,320,262
Pic (709).jpg,480,308,pigeon,86,64,261,290
Pic (71).JPG,480,360,pigeon,2,20,338,315
Pic (710).jpg,480,333,pigeon,65,50,454,217
Pic (710).jpg,480,333,pigeon,133,127,449,302
Pic (711).jpg,480,319,pigeon,31,22,166,235
Pic (711).jpg,480,319,pigeon,87,78,270,256
Pic (712).jpg,480,360,pigeon,135,73,355,311
Pic (713).jpg,480,355,pigeon,53,74,354,333
Pic (714).jpg,480,319,pigeon,9,25,374,269
Pic (715).jpg,480,320,pigeon,144,32,425,302
Pic (716).jpg,480,320,pigeon,116,38,445,307
Pic (717).jpg,480,360,pigeon,6,10,294,351
Pic (718).jpg,480,319,pigeon,136,56,276,303
Pic (719).jpg,480,319,pigeon,196,93,435,279
Pic (72).jpg,480,320,pigeon,243,41,382,286
Pic (720).jpg,480,320,pigeon,180,45,369,292
Pic (721).jpg,480,320,pigeon,224,16,472,313
Pic (722).jpg,480,320,pigeon,4,30,266,310
Pic (723).jpg,480,299,pigeon,15,36,290,295
Pic (724).jpg,480,384,pigeon,50,54,319,351
Pic (725).jpg,480,320,pigeon,94,47,443,285
Pic (726).jpg,480,343,pigeon,330,50,473,139
Pic (726).jpg,480,343,pigeon,52,4,303,171
Pic (726).jpg,480,343,pigeon,45,41,369,306
Pic (727).jpg,480,320,pigeon,214,142,386,282
Pic (728).jpg,480,320,pigeon,203,137,376,275
Pic (729).jpg,480,320,pigeon,209,141,380,275
Pic (73).jpg,480,300,pigeon,230,30,459,202
Pic (730).jpg,480,369,pigeon,47,50,419,344
Pic (731).jpg,480,480,pigeon,106,39,430,465
Pic (732).jpg,480,320,pigeon,152,30,425,288
Pic (733).jpg,371,480,pigeon,121,76,346,446
Pic (734).jpg,480,270,pigeon,234,19,383,247
Pic (735).jpg,480,320,pigeon,202,119,433,281
Pic (736).jpg,480,320,pigeon,202,102,427,283
Pic (737).jpg,480,320,pigeon,33,50,302,303
Pic (738).jpg,480,320,pigeon,5,59,292,306
Pic (739).jpg,480,322,pigeon,148,56,449,315
Pic (74).jpg,480,328,pigeon,352,74,416,130
Pic (74).jpg,480,328,pigeon,276,104,366,153
Pic (74).jpg,480,328,pigeon,289,114,471,203
Pic (74).jpg,480,328,pigeon,183,106,361,214
Pic (74).jpg,480,328,pigeon,120,130,194,193
Pic (74).jpg,480,328,pigeon,144,96,226,135
Pic (74).jpg,480,328,pigeon,9,128,148,188
Pic (740).jpg,480,283,pigeon,30,82,301,254
Pic (741).jpg,480,294,pigeon,131,95,377,249
Pic (741).jpg,480,294,pigeon,38,84,275,214
Pic (742).jpg,480,304,pigeon,44,71,239,238
Pic (742).jpg,480,304,pigeon,192,104,383,266
Pic (743).jpg,480,320,pigeon,178,104,473,315
Pic (744).jpg,480,320,pigeon,27,53,250,277
Pic (745).jpg,480,312,pigeon,117,58,311,258
Pic (746).jpg,480,320,pigeon,152,21,460,278
Pic (747).jpg,480,320,pigeon,199,116,479,315
Pic (748).jpg,480,289,pigeon,53,53,275,281
Pic (749).jpg,480,320,pigeon,101,39,304,302
Pic (75).JPG,480,360,pigeon,105,80,468,316
Pic (750).jpg,480,320,pigeon,128,68,419,266
Pic (751).jpg,480,395,pigeon,108,75,366,286
Pic (752).jpg,480,480,pigeon,8,12,473,463
Pic (753).jpg,480,320,pigeon,4,59,307,314
Pic (754).jpg,480,320,pigeon,23,12,236,306
Pic (755).jpg,480,319,pigeon,25,64,273,309
Pic (756).jpg,480,360,pigeon,123,50,474,355
Pic (757).jpg,480,320,pigeon,292,87,447,291
Pic (758).jpg,480,320,pigeon,226,90,453,306
Pic (759).jpg,480,480,pigeon,32,91,431,442
Pic (76).jpg,480,320,pigeon,149,86,415,228
Pic (760).jpg,480,288,pigeon,90,7,363,286
Pic (761).jpg,480,360,pigeon,48,81,419,264
Pic (762).jpg,480,349,pigeon,152,58,372,288
Pic (763).jpg,480,360,pigeon,97,48,354,321
Pic (764).jpg,480,320,pigeon,194,126,469,313
Pic (765).jpg,480,320,pigeon,200,35,299,232
Pic (766).jpg,480,466,pigeon,263,85,416,336
Pic (767).jpg,480,320,pigeon,206,59,390,244
Pic (767).jpg,480,320,pigeon,165,64,305,228
Pic (767).jpg,480,320,pigeon,84,77,196,272
Pic (768).jpg,480,320,pigeon,4,104,309,313
Pic (769).jpg,480,320,pigeon,10,39,351,307
Pic (77).JPG,480,388,pigeon,122,68,455,379
Pic (770).jpg,480,337,pigeon,168,35,336,323
Pic (771).jpg,480,360,pigeon,107,92,368,319
Pic (772).jpg,480,320,pigeon,179,79,442,269
Pic (773).jpg,480,320,pigeon,17,97,367,293
Pic (774).jpg,480,320,pigeon,7,77,379,269
Pic (775).jpg,480,320,pigeon,12,70,371,284
Pic (776).jpg,480,320,pigeon,123,51,469,316
Pic (777).jpg,480,360,pigeon,205,65,433,293
Pic (777).jpg,480,360,pigeon,98,121,394,348
Pic (778).jpg,480,360,pigeon,248,85,468,271
Pic (778).jpg,480,360,pigeon,119,103,328,300
Pic (779).jpg,480,320,pigeon,128,79,467,304
Pic (78).JPG,480,339,pigeon,133,108,460,315
Pic (780).jpg,480,320,pigeon,173,104,284,216
Pic (781).jpg,480,437,pigeon,132,78,399,392
Pic (782).jpg,480,360,pigeon,145,92,300,334
Pic (783).jpg,480,343,pigeon,52,105,353,230
Pic (784).jpg,480,343,pigeon,102,96,311,250
Pic (785).jpg,480,343,pigeon,60,100,316,220
Pic (786).jpg,480,343,pigeon,57,114,340,247
Pic (787).jpg,480,321,pigeon,118,87,310,243
Pic (788).jpg,480,302,pigeon,182,58,451,270
Pic (789).jpg,480,320,pigeon,12,145,250,311
Pic (79).jpg,480,360,pigeon,140,112,290,246
Pic (790).jpg,480,311,pigeon,188,36,321,297
Pic (791).jpg,480,333,pigeon,99,32,256,330
Pic (792).jpg,480,360,pigeon,194,30,369,343
Pic (793).jpg,480,319,pigeon,190,6,413,303
Pic (793).jpg,480,319,pigeon,50,208,193,313
Pic (794).jpg,480,319,pigeon,202,66,453,278
Pic (795).jpg,480,320,pigeon,48,117,209,290
Pic (796).jpg,480,320,pigeon,116,13,471,312
Pic (797).jpg,480,320,pigeon,11,22,456,314
Pic (798).jpg,480,264,pigeon,54,1,430,122
Pic (798).jpg,480,264,pigeon,11,42,435,229
Pic (799).jpg,339,480,pigeon,27,107,245,404
Pic (8).JPG,480,360,pigeon,31,122,445,336
Pic (80).jpg,480,274,pigeon,77,44,254,213
Pic (800).jpg,480,338,pigeon,59,9,477,331
Pic (801).jpg,480,332,pigeon,24,40,404,315
Pic (802).jpg,480,373,pigeon,133,10,394,363
Pic (803).jpg,480,360,pigeon,27,26,398,321
Pic (804).jpg,480,320,pigeon,98,88,219,273
Pic (805).jpg,480,320,pigeon,10,111,349,313
Pic (806).jpg,480,421,pigeon,68,81,464,411
Pic (807).jpg,480,404,pigeon,44,70,453,348
Pic (808).jpg,480,320,pigeon,89,112,293,264
Pic (809).jpg,480,320,pigeon,69,54,210,250
Pic (81).jpg,480,318,pigeon,110,57,334,277
Pic (810).jpg,480,319,pigeon,89,27,308,275
Pic (811).jpg,360,480,pigeon,154,212,221,262
Pic (811).jpg,360,480,pigeon,97,153,166,225
Pic (812).jpg,480,320,pigeon,149,17,366,288
Pic (813).jpg,480,305,pigeon,179,53,361,267
Pic (814).jpg,480,350,pigeon,84,78,469,287
Pic (815).jpg,480,325,pigeon,160,24,469,294
Pic (816).jpg,480,399,pigeon,69,58,469,350
Pic (817).jpg,463,480,pigeon,113,78,426,441
Pic (818).jpg,480,397,pigeon,149,38,290,387
Pic (819).jpg,480,471,pigeon,136,73,320,441
Pic (82).jpg,480,320,pigeon,83,67,351,258
Pic (820).jpg,480,439,pigeon,54,78,417,424
Pic (821).jpg,480,457,pigeon,162,55,298,435
Pic (822).jpg,480,306,pigeon,95,11,429,297
Pic (823).jpg,480,350,pigeon,41,40,404,284
Pic (824).jpg,480,320,pigeon,220,88,424,257
Pic (824).jpg,480,320,pigeon,277,61,470,196
Pic (824).jpg,480,320,pigeon,9,74,275,187
Pic (825).jpg,480,360,pigeon,159,112,257,230
Pic (826).jpg,480,360,pigeon,190,95,463,350
Pic (827).jpg,480,357,pigeon,123,89,433,268
Pic (827).jpg,480,357,pigeon,91,176,382,305
Pic (828).jpg,480,320,pigeon,224,87,303,159
Pic (828).jpg,480,320,pigeon,334,120,406,187
Pic (828).jpg,480,320,pigeon,217,134,379,230
Pic (828).jpg,480,320,pigeon,112,130,234,193
Pic (828).jpg,480,320,pigeon,50,159,119,224
Pic (829).jpg,477,480,pigeon,29,39,434,475
Pic (83).JPG,480,360,pigeon,122,29,470,289
Pic (830).jpg,480,335,pigeon,99,97,433,298
Pic (831).jpg,480,319,pigeon,139,28,464,260
Pic (832).jpg,480,385,pigeon,44,37,380,349
Pic (833).jpg,480,360,pigeon,57,39,354,322
Pic (834).jpg,480,320,pigeon,180,44,473,297
Pic (835).jpg,480,318,pigeon,30,5,370,281
Pic (836).jpg,480,320,pigeon,16,29,345,302
Pic (837).jpg,480,320,pigeon,122,30,438,301
Pic (838).jpg,480,369,pigeon,162,63,451,329
Pic (839).jpg,480,360,pigeon,268,74,424,182
Pic (839).jpg,480,360,pigeon,139,107,347,262
Pic (84).JPG,480,270,pigeon,184,47,418,248
Pic (840).jpg,480,320,pigeon,182,30,470,309
Pic (841).jpg,480,288,pigeon,41,90,406,267
Pic (842).jpg,480,322,pigeon,123,62,252,308
Pic (843).jpg,480,320,pigeon,254,13,475,264
Pic (844).jpg,480,351,pigeon,60,37,376,263
Pic (845).jpg,480,320,pigeon,56,64,292,282
Pic (845).jpg,480,320,pigeon,236,83,472,250
Pic (846).jpg,480,320,pigeon,231,49,460,293
Pic (846).jpg,480,320,pigeon,30,47,256,297
Pic (847).jpg,480,320,pigeon,206,4,469,313
Pic (848).jpg,480,360,pigeon,168,82,470,342
Pic (849).jpg,480,320,pigeon,190,52,435,277
Pic (85).jpg,320,480,pigeon,37,5,291,459
Pic (850).jpg,381,480,pigeon,12,79,366,469
Pic (851).jpg,443,480,pigeon,144,129,389,435
Pic (852).jpg,480,417,pigeon,36,43,381,403
Pic (853).jpg,480,320,pigeon,71,57,322,300
Pic (854).jpg,480,317,pigeon,39,48,459,304
Pic (855).jpg,480,326,pigeon,52,50,392,308
Pic (856).jpg,480,320,pigeon,17,21,343,313
Pic (856).jpg,480,320,pigeon,7,53,117,267
Pic (857).jpg,480,348,pigeon,59,28,463,335
Pic (858).jpg,480,333,pigeon,84,47,469,320
Pic (859).jpg,480,360,pigeon,58,63,380,285
Pic (86).jpg,480,360,pigeon,107,45,369,320
Pic (860).jpg,480,320,pigeon,57,53,316,294
Pic (861).jpg,480,360,pigeon,47,85,362,285
Pic (862).jpg,480,270,pigeon,95,43,347,238
Pic (862).jpg,480,270,pigeon,356,79,464,243
Pic (863).jpg,480,362,pigeon,147,50,461,352
Pic (864).jpg,480,320,pigeon,173,68,357,295
Pic (864).jpg,480,320,pigeon,90,70,225,238
Pic (865).jpg,320,480,pigeon,88,37,276,263
Pic (865).jpg,320,480,pigeon,59,232,261,367
Pic (866).jpg,480,343,pigeon,184,76,436,263
Pic (867).jpg,480,336,pigeon,47,52,266,328
Pic (868).jpg,480,318,pigeon,140,45,461,288
Pic (869).jpg,480,320,pigeon,95,27,248,258
Pic (869).jpg,480,320,pigeon,90,215,266,316
Pic (87).jpg,480,320,pigeon,73,8,419,307
Pic (870).jpg,480,369,pigeon,129,81,368,293
Pic (871).jpg,480,320,pigeon,202,81,469,300
Pic (872).jpg,480,333,pigeon,75,45,423,318
Pic (873).jpg,480,307,pigeon,160,36,348,299
Pic (874).jpg,480,349,pigeon,115,32,439,319
Pic (875).jpg,480,317,pigeon,110,20,453,290
Pic (876).jpg,480,320,pigeon,41,33,372,311
Pic (877).jpg,480,371,pigeon,383,136,474,290
Pic (877).jpg,480,371,pigeon,330,121,419,289
Pic (877).jpg,480,371,pigeon,322,80,379,218
Pic (877).jpg,480,371,pigeon,255,140,353,305
Pic (877).jpg,480,371,pigeon,212,147,299,302
Pic (877).jpg,480,371,pigeon,119,66,202,224
Pic (877).jpg,480,371,pigeon,127,146,221,301
Pic (877).jpg,480,371,pigeon,110,125,204,298
Pic (877).jpg,480,371,pigeon,63,160,128,306
Pic (877).jpg,480,371,pigeon,6,136,91,294
Pic (878).jpg,480,343,pigeon,34,67,320,332
Pic (879).jpg,480,398,pigeon,14,109,337,385
Pic (88).jpg,480,270,pigeon,225,93,428,235
Pic (88).jpg,480,270,pigeon,24,46,186,226
Pic (880).jpg,480,320,pigeon,43,104,312,309
Pic (881).jpg,480,360,pigeon,18,4,55,32
Pic (881).jpg,480,360,pigeon,29,53,85,73
Pic (881).jpg,480,360,pigeon,49,70,91,94
Pic (881).jpg,480,360,pigeon,170,39,208,64
Pic (881).jpg,480,360,pigeon,257,29,305,54
Pic (881).jpg,480,360,pigeon,340,34,381,57
Pic (881).jpg,480,360,pigeon,275,79,334,103
Pic (881).jpg,480,360,pigeon,395,106,445,133
Pic (881).jpg,480,360,pigeon,295,110,338,134
Pic (881).jpg,480,360,pigeon,354,145,401,171
Pic (881).jpg,480,360,pigeon,259,147,307,167
Pic (881).jpg,480,360,pigeon,143,119,190,144
Pic (881).jpg,480,360,pigeon,160,154,212,175
Pic (881).jpg,480,360,pigeon,3,176,50,196
Pic (881).jpg,480,360,pigeon,104,259,163,284
Pic (881).jpg,480,360,pigeon,44,299,92,330
Pic (881).jpg,480,360,pigeon,144,277,198,299
Pic (881).jpg,480,360,pigeon,229,241,280,266
Pic (881).jpg,480,360,pigeon,328,211,366,240
Pic (881).jpg,480,360,pigeon,354,234,410,255
Pic (881).jpg,480,360,pigeon,414,245,468,283
Pic (881).jpg,480,360,pigeon,317,291,354,305
Pic (881).jpg,480,360,pigeon,255,262,309,293
Pic (881).jpg,480,360,pigeon,173,317,227,339
Pic (881).jpg,480,360,pigeon,204,326,269,352
Pic (882).jpg,480,360,pigeon,194,51,378,304
Pic (883).jpg,480,320,pigeon,8,25,236,303
Pic (884).jpg,480,328,pigeon,151,68,466,233
Pic (885).jpg,480,360,pigeon,7,71,468,297
Pic (886).jpg,480,320,pigeon,16,48,394,306
Pic (887).jpg,300,300,pigeon,12,11,282,213
Pic (888).jpg,300,258,pigeon,9,7,288,251
Pic (889).jpg,299,242,pigeon,10,5,294,239
Pic (89).jpg,480,320,pigeon,156,62,425,223
Pic (890).jpg,300,185,pigeon,17,2,275,180
Pic (891).jpg,300,202,pigeon,9,39,251,147
Pic (892).jpg,300,258,pigeon,11,6,286,246
Pic (893).jpg,300,259,pigeon,8,9,291,252
Pic (894).jpg,300,225,pigeon,37,27,200,196
Pic (895).jpg,300,259,pigeon,14,70,192,210
Pic (896).jpg,300,254,pigeon,136,32,295,246
Pic (897).jpg,300,192,pigeon,36,38,199,147
Pic (898).jpg,298,300,pigeon,6,35,250,259
Pic (899).jpg,300,264,pigeon,12,29,275,248
Pic (9).jpg,480,320,pigeon,89,16,274,311
Pic (90).JPG,480,360,pigeon,63,150,252,314
Pic (90).JPG,480,360,pigeon,154,251,297,353
Pic (90).JPG,480,360,pigeon,4,265,92,352
Pic (900).jpg,260,300,pigeon,8,7,255,291
Pic (901).jpg,300,225,pigeon,21,2,203,200
Pic (902).jpg,300,300,pigeon,11,85,296,291
Pic (903).jpg,300,227,pigeon,8,17,282,215
Pic (904).jpg,300,234,pigeon,23,34,232,215
Pic (905).jpg,300,257,pigeon,70,73,227,211
Pic (906).jpg,300,198,pigeon,53,37,267,150
Pic (907).jpg,300,216,pigeon,16,33,276,208
Pic (908).jpg,300,187,pigeon,22,31,276,177
Pic (909).jpg,300,254,pigeon,7,28,279,237
Pic (91).jpg,480,320,pigeon,155,27,455,300
Pic (910).jpg,300,216,pigeon,7,8,293,208
Pic (911).jpg,287,300,pigeon,4,92,245,272
Pic (912).jpg,300,263,pigeon,4,4,293,255
Pic (913).jpg,300,262,pigeon,56,16,279,243
Pic (914).jpg,251,300,pigeon,33,69,247,241
Pic (914).jpg,251,300,pigeon,206,91,247,251
Pic (915).jpg,198,300,pigeon,6,7,192,277
Pic (916).jpg,300,204,pigeon,4,71,160,171
Pic (917).jpg,300,292,pigeon,20,20,255,281
Pic (918).jpg,300,225,pigeon,48,2,241,197
Pic (919).jpg,300,286,pigeon,4,18,244,226
Pic (92).jpg,480,320,pigeon,151,4,390,207
Pic (92).jpg,480,320,pigeon,76,66,323,309
Pic (920).jpg,300,274,pigeon,13,4,295,264
Pic (921).jpg,300,220,pigeon,32,11,268,207
Pic (922).jpg,300,274,pigeon,14,4,259,264
Pic (923).jpg,300,279,pigeon,10,7,294,270
Pic (924).jpg,300,194,pigeon,25,40,250,142
Pic (925).jpg,300,202,pigeon,108,71,183,126
Pic (926).jpg,300,213,pigeon,37,7,265,204
Pic (927).jpg,300,252,pigeon,7,9,283,242
Pic (928).jpg,300,227,pigeon,1,1,237,223
Pic (929).jpg,300,245,pigeon,12,4,297,238
Pic (93).jpg,456,480,pigeon,147,75,406,461
Pic (930).jpg,287,300,pigeon,30,38,266,264
Pic (931).jpg,196,300,pigeon,18,33,192,299
Pic (94).JPG,480,309,pigeon,71,14,367,284
Pic (95).JPG,480,320,pigeon,167,43,404,313
Pic (96).jpg,480,320,pigeon,61,92,325,201
Pic (97).jpg,480,320,pigeon,208,61,445,303
Pic (97).jpg,480,320,pigeon,29,50,265,303
Pic (98).JPG,480,360,pigeon,63,49,460,340
Pic (99).jpg,480,319,pigeon,68,67,267,282
